{
  "char37": {
    "ymin": 0.06649915874004364,
    "zmin": -0.10000026971101761,
    "zmax": 0.09999993443489075,
    "xmax": 0.2532404661178589,
    "xmin": 0.022473834455013275,
    "ymax": 0.3876485228538513
  },
  "char109": {
    "ymin": -0.010701410472393036,
    "zmin": -0.10000038146972656,
    "zmax": 0.09999984502792358,
    "xmax": 0.13865648210048676,
    "xmin": 0.06036682426929474,
    "ymax": 0.5544624328613281
  },
  "char44": {
    "ymin": -0.0318550243973732,
    "zmin": -0.10000017285346985,
    "zmax": 0.09999996423721313,
    "xmax": 0.13474257290363312,
    "xmin": 0.04963669180870056,
    "ymax": 0.05325085669755936
  },
  "char50": {
    "ymin": -0.00034575723111629486,
    "zmin": -0.10000009834766388,
    "zmax": 0.09999951720237732,
    "xmax": 0.2753269672393799,
    "xmin": 0.056315988302230835,
    "ymax": 0.5372587442398071
  },
  "char47": {
    "ymin": -0.1442122757434845,
    "zmin": -0.10000041127204895,
    "zmax": 0.09999966621398926,
    "xmax": 0.23990997672080994,
    "xmin": 0.04081079363822937,
    "ymax": 0.5452425479888916
  },
  "char49": {
    "ymin": -0.012818323448300362,
    "zmin": -0.10000000894069672,
    "zmax": 0.10000002384185791,
    "xmax": 0.4067196249961853,
    "xmin": 0.022090740501880646,
    "ymax": 0.5365937352180481
  },
  "char126": {
    "ymin": 0.32082924246788025,
    "zmin": -0.10000021010637283,
    "zmax": 0.09999996423721313,
    "xmax": 0.2370067983865738,
    "xmin": 0.04008685052394867,
    "ymax": 0.5481032729148865
  },
  "char104": {
    "ymin": -0.19462960958480835,
    "zmin": -0.10000012814998627,
    "zmax": 0.09999954700469971,
    "xmax": 0.34829986095428467,
    "xmin": 0.02094973623752594,
    "ymax": 0.3532472252845764
  },
  "char112": {
    "ymin": -0.018349209800362587,
    "zmin": -0.10000037401914597,
    "zmax": 0.09999997913837433,
    "xmax": 0.33453240990638733,
    "xmin": 0.0292984526604414,
    "ymax": 0.35784196853637695
  },
  "char48": {
    "ymin": -0.024925827980041504,
    "zmin": -0.1000000536441803,
    "zmax": 0.09999948740005493,
    "xmax": 0.33592361211776733,
    "xmin": 0.03773428499698639,
    "ymax": 0.5078639984130859
  },
  "char45": {
    "ymin": 0.04292835295200348,
    "zmin": -0.10000006854534149,
    "zmax": 0.09999971091747284,
    "xmax": 0.1426374316215515,
    "xmin": 0.06473495066165924,
    "ymax": 0.387966513633728
  },
  "char113": {
    "ymin": -0.19601264595985413,
    "zmin": -0.10000057518482208,
    "zmax": 0.09999996423721313,
    "xmax": 0.34787479043006897,
    "xmin": 0.04420816898345947,
    "ymax": 0.37769246101379395
  },
  "char63": {
    "ymin": -0.0185433030128479,
    "zmin": -0.10000047087669373,
    "zmax": 0.09999984502792358,
    "xmax": 0.11429554224014282,
    "xmin": 0.05126795172691345,
    "ymax": 0.5528821349143982
  },
  "char58": {
    "ymin": -0.0636603832244873,
    "zmin": -0.10000035166740417,
    "zmax": 0.09999987483024597,
    "xmax": 0.1380971521139145,
    "xmin": 0.030556485056877136,
    "ymax": 0.38701102137565613
  },
  "char102": {
    "ymin": -0.015750639140605927,
    "zmin": -0.1000000461935997,
    "zmax": 0.09999963641166687,
    "xmax": 0.37328729033470154,
    "xmin": 0.030880533158779144,
    "ymax": 0.3606320023536682
  },
  "char108": {
    "ymin": -0.010124299675226212,
    "zmin": -0.10000041127204895,
    "zmax": 0.0999998152256012,
    "xmax": 0.3696850538253784,
    "xmin": 0.056982770562171936,
    "ymax": 0.551731288433075
  },
  "char39": {
    "ymin": -0.11913000047206879,
    "zmin": -0.09884625673294067,
    "zmax": 0.09999978542327881,
    "xmax": 0.4568369388580322,
    "xmin": -0.008829446509480476,
    "ymax": -0.05423435568809509
  },
  "char41": {
    "ymin": -0.14421223104000092,
    "zmin": -0.10000041127204895,
    "zmax": 0.09999966621398926,
    "xmax": 0.23888492584228516,
    "xmin": 0.03965112566947937,
    "ymax": 0.5495421886444092
  },
  "char56": {
    "ymin": -0.0188940167427063,
    "zmin": -0.10000024735927582,
    "zmax": 0.09999966621398926,
    "xmax": 0.41476958990097046,
    "xmin": 0.025334469974040985,
    "ymax": 0.5204547643661499
  },
  "char52": {
    "ymin": -0.012900635600090027,
    "zmin": -0.1000002920627594,
    "zmax": 0.09999972581863403,
    "xmax": 0.37364134192466736,
    "xmin": 0.052711084485054016,
    "ymax": 0.52577805519104
  },
  "char100": {
    "ymin": -0.021493101492524147,
    "zmin": -0.1000002846121788,
    "zmax": 0.09999987483024597,
    "xmax": 0.33417293429374695,
    "xmin": 0.03667500615119934,
    "ymax": 0.3667570948600769
  },
  "char107": {
    "ymin": -0.20179259777069092,
    "zmin": -0.10000038146972656,
    "zmax": 0.09999963641166687,
    "xmax": 0.22577378153800964,
    "xmin": 0.0019423961639404297,
    "ymax": 0.5075963735580444
  },
  "char93": {
    "ymin": -0.14325962960720062,
    "zmin": -0.1000000536441803,
    "zmax": 0.09999936819076538,
    "xmax": 0.23888126015663147,
    "xmin": 0.061074137687683105,
    "ymax": 0.5243362784385681
  },
  "char125": {
    "ymin": -0.13206863403320312,
    "zmin": -0.10000056028366089,
    "zmax": 0.0999998152256012,
    "xmax": 0.23461869359016418,
    "xmin": 0.010351449251174927,
    "ymax": 0.5569753050804138
  },
  "char106": {
    "ymin": 0.002276904881000519,
    "zmin": -0.10000006854534149,
    "zmax": 0.09999951720237732,
    "xmax": 0.1529008448123932,
    "xmin": 0.06187044084072113,
    "ymax": 0.5161725282669067
  },
  "char55": {
    "ymin": -0.024144381284713745,
    "zmin": -0.10000047087669373,
    "zmax": 0.09999987483024597,
    "xmax": 0.38268202543258667,
    "xmin": 0.04010539501905441,
    "ymax": 0.5343102812767029
  },
  "char118": {
    "ymin": -0.025816069915890694,
    "zmin": -0.10000025480985641,
    "zmax": 0.09999984502792358,
    "xmax": 0.335138738155365,
    "xmin": 0.037702273577451706,
    "ymax": 0.36740952730178833
  },
  "char115": {
    "ymin": -0.018516093492507935,
    "zmin": -0.1000000387430191,
    "zmax": 0.09999963641166687,
    "xmax": 0.3169427812099457,
    "xmin": 0.047996893525123596,
    "ymax": 0.36372804641723633
  },
  "char119": {
    "ymin": -0.012298082932829857,
    "zmin": -0.10000037401914597,
    "zmax": 0.09999997913837433,
    "xmax": 0.33385396003723145,
    "xmin": 0.022281907498836517,
    "ymax": 0.3638526499271393
  },
  "char61": {
    "ymin": 0.08036776632070541,
    "zmin": -0.10000007599592209,
    "zmax": 0.09999978542327881,
    "xmax": 0.31457221508026123,
    "xmin": 0.017261486500501633,
    "ymax": 0.3608234226703644
  },
  "char246": {
    "ymin": -0.019564982503652573,
    "zmin": -0.10000014305114746,
    "zmax": 0.09999960660934448,
    "xmax": 0.3526313006877899,
    "xmin": 0.02312605082988739,
    "ymax": 0.4761353135108948
  },
  "char111": {
    "ymin": -0.023932093754410744,
    "zmin": -0.10000025480985641,
    "zmax": 0.0999998152256012,
    "xmax": 0.34718218445777893,
    "xmin": 0.04315047711133957,
    "ymax": 0.37587249279022217
  },
  "char51": {
    "ymin": -0.0005057491362094879,
    "zmin": -0.10000035166740417,
    "zmax": 0.09999978542327881,
    "xmax": 0.3790986239910126,
    "xmin": 0.05707345902919769,
    "ymax": 0.5292232036590576
  },
  "char42": {
    "ymin": -0.006141938269138336,
    "zmin": -0.10000033676624298,
    "zmax": 0.09999972581863403,
    "xmax": 0.5544146299362183,
    "xmin": 0.05294971913099289,
    "ymax": 0.5634852051734924
  },
  "char92": {
    "ymin": -0.026919148862361908,
    "zmin": -0.10000050067901611,
    "zmax": 0.09999987483024597,
    "xmax": 0.33070293068885803,
    "xmin": 0.033586159348487854,
    "ymax": 0.5572733283042908
  },
  "char252": {
    "ymin": -0.019373958930373192,
    "zmin": -0.10000045597553253,
    "zmax": 0.09999993443489075,
    "xmax": 0.3503393828868866,
    "xmin": 0.03222224861383438,
    "ymax": 0.4760496914386749
  },
  "char60": {
    "ymin": 0.16156980395317078,
    "zmin": -0.1000000536441803,
    "zmax": 0.09999968111515045,
    "xmax": 0.3931608200073242,